{"cameraMode":{"drawMode":0,"name":"Shaded","section":"Shading Mode"},"sceneLighting":true,"audioPlay":false,"sceneViewState":{"showFog":true,"showMaterialUpdate":false,"showSkybox":true,"showFlares":true,"showImageEffects":true,"showParticleSystems":true},"in2DMode":false,"pivot":{"x":-8.785490036010743,"y":-0.03619384765625,"z":-11.316980361938477},"rotation":{"x":-0.6812097430229187,"y":-0.07808299362659455,"z":0.07344638556241989,"w":-0.7242143750190735},"size":20.388378143310548,"orthographic":false}