{"cameraMode":{"drawMode":0,"name":"Shaded","section":"Shading Mode"},"sceneLighting":true,"audioPlay":false,"sceneViewState":{"showFog":true,"showMaterialUpdate":false,"showSkybox":true,"showFlares":true,"showImageEffects":true,"showParticleSystems":true},"in2DMode":false,"pivot":{"x":-0.7991304397583008,"y":3.176624298095703,"z":1.3810853958129883},"rotation":{"x":0.08696366846561432,"y":-0.8953433632850647,"z":0.2006862908601761,"w":0.38798242807388308},"size":3.8151328563690187,"orthographic":false}